,lemma_word,word,ENT,suggested_by,rating,video_id,ENT_len,ENT_max
0,sindhi dal,sindhi dal,{'FOOD'},{'Singhsman '},19.83740506329114,{'p0MvovsCxCk'},1,FOOD
1,kudi chhola,kudi chhola,{'FOOD'},{'Singhsman '},19.83740506329114,{'p0MvovsCxCk'},1,FOOD
2,rice,rice,{'FOOD'},{'Singhsman '},22.83740506329114,{'p0MvovsCxCk'},1,FOOD
3,hai pri,hai pri,{'LANDMARK'},{'Singhsman '},19.83740506329114,{'p0MvovsCxCk'},1,LANDMARK
4,tamarind sauce,tamarind sauce,{'FOOD'},{'Singhsman '},19.83740506329114,{'p0MvovsCxCk'},1,FOOD
5,jaipur,jaipur,{'CITY'},"{'Golgappa Girl', 'SugarSpiceNice India', 'Travel Tales', 'Aniruddha Patil', 'Yatra Mitra', 'Saturday Shooters', 'SugarSpiceNice Hindi', 'Sisters vs Globe', 'Singhsman ', 'Sakshi Yadav', 'TheSocialTraveller', 'Traveller Rishabh'}",11.679155035063427,"{'7cPLbiblb84', 'Lv0PkSkKeSo', 'rm_j6O8y148', 'p0MvovsCxCk', '5zA6OFpkPe0', 'fP2zols1dag', 'snwAYESRUEw', '48TcOu9kPqg', 'D1blpY-3ROE', 'lmhzpFfuWKc', 'dcRh1zTPnDQ', 'Oz18u64bM8I'}",1,CITY
6,lentil,lentil,{'FOOD'},{'Singhsman '},24.83740506329114,{'p0MvovsCxCk'},1,FOOD
7,allredi trai,allredi trai,{'LANDMARK'},{'Singhsman '},19.83740506329114,{'p0MvovsCxCk'},1,LANDMARK
8,allredi,allredi,{'AREA'},{'Singhsman '},20.83740506329114,{'p0MvovsCxCk'},1,AREA
9,radheshyam ji,radheshyam ji,{'FOOD SHOP'},{'Singhsman '},19.83740506329114,{'p0MvovsCxCk'},1,FOOD SHOP
10,paneer,paneer,{'FOOD'},{'Singhsman '},22.83740506329114,{'p0MvovsCxCk'},1,FOOD
11,nana ji,nana ji,{'LANDMARK'},{'Singhsman '},19.83740506329114,{'p0MvovsCxCk'},1,LANDMARK
12,vaccine,vaccines,{'AREA'},{'Singhsman '},19.83740506329114,{'p0MvovsCxCk'},1,AREA
13,malai paneer tikka,malai paneer tikka,{'FOOD'},{'Singhsman '},19.83740506329114,{'p0MvovsCxCk'},1,FOOD
14,raja park,raja park,{'AREA'},{'Singhsman '},22.83740506329114,{'p0MvovsCxCk'},1,AREA
15,shimla tutter,shimla tutter,{'LANDMARK'},{'Singhsman '},19.83740506329114,{'p0MvovsCxCk'},1,LANDMARK
16,recome,recomed,{'FOOD'},{'Singhsman '},19.83740506329114,{'p0MvovsCxCk'},1,FOOD
17,mahavir rabri store,mahavir rabri store,{'FOOD SHOP'},{'Singhsman '},19.83740506329114,{'p0MvovsCxCk'},1,FOOD SHOP
18,mishra rajas charusta,mishra rajas charusta,{'FOOD SHOP'},{'Singhsman '},19.83740506329114,{'p0MvovsCxCk'},1,FOOD SHOP
19,rabri,rabri,{'FOOD'},"{'Singhsman ', 'SugarSpiceNice India'}",8.518743132911393,"{'D1blpY-3ROE', 'p0MvovsCxCk'}",1,FOOD
20,besan,besan,{'FOOD'},{'Singhsman '},19.83740506329114,{'p0MvovsCxCk'},1,FOOD
21,garlic sauce,garlic sauce,{'FOOD'},{'Singhsman '},19.83740506329114,{'p0MvovsCxCk'},1,FOOD
22,sodala,sodala,"{'LANDMARK', 'AREA'}",{'Singhsman '},20.83740506329114,{'p0MvovsCxCk'},2,LANDMARK
23,gulab ji,gulab ji,"{'FOOD SHOP', 'LANDMARK'}",{'Singhsman '},23.83740506329114,{'p0MvovsCxCk'},2,FOOD SHOP
24,gulab ji tea to,gulab ji tea to,{'LANDMARK'},{'Singhsman '},19.83740506329114,{'p0MvovsCxCk'},1,LANDMARK
25,gulab ji tea,gulab ji tea,{'FOOD SHOP'},{'Singhsman '},20.83740506329114,{'p0MvovsCxCk'},1,FOOD SHOP
26,saheb,saheb,{'AREA'},{'Singhsman '},19.83740506329114,{'p0MvovsCxCk'},1,AREA
27,ganpati plaza,ganpati plaza,{'LANDMARK'},{'Singhsman '},22.83740506329114,{'p0MvovsCxCk'},1,LANDMARK
28,ganpati plazas,ganpati plazas,{'LANDMARK'},{'Singhsman '},19.83740506329114,{'p0MvovsCxCk'},1,LANDMARK
29,shankar samosa,shankar samosas,{'FOOD SHOP'},{'Singhsman '},20.46240506329114,{'p0MvovsCxCk'},1,FOOD SHOP
30,samosa,samosa,{'FOOD'},"{'Singhsman ', 'SugarSpiceNice India'}",14.893743132911393,"{'D1blpY-3ROE', 'p0MvovsCxCk'}",1,FOOD
31,samosas,samosas,{'FOOD'},"{'SugarSpiceNice Hindi', 'Singhsman '}",12.06990359140418,"{'fP2zols1dag', 'p0MvovsCxCk'}",1,FOOD
32,lentil kachori,lentils kachori,{'FOOD'},{'Singhsman '},19.83740506329114,{'p0MvovsCxCk'},1,FOOD
33,onion,onion,"{'FOOD', 'AREA'}","{'Singhsman ', 'Sakshi Yadav', 'SugarSpiceNice India'}",10.020254737310145,"{'lmhzpFfuWKc', 'D1blpY-3ROE', 'p0MvovsCxCk'}",2,FOOD
34,gurunanpura,gurunanpura,{'FOOD SHOP'},{'Singhsman '},19.83740506329114,{'p0MvovsCxCk'},1,FOOD SHOP
35,hai gali,hai gali,{'FOOD SHOP'},{'Singhsman '},19.83740506329114,{'p0MvovsCxCk'},1,FOOD SHOP
36,calcutta,calcutta,{'CITY'},{'Singhsman '},20.83740506329114,{'p0MvovsCxCk'},1,CITY
37,calcutta chaat bhandar,calcutta chaat bhandar,{'FOOD SHOP'},{'Singhsman '},19.83740506329114,{'p0MvovsCxCk'},1,FOOD SHOP
38,raman dosa,raman dosa,{'FOOD SHOP'},{'Singhsman '},19.83740506329114,{'p0MvovsCxCk'},1,FOOD SHOP
39,dosa,dosa,{'FOOD'},"{'Singhsman ', 'SugarSpiceNice India'}",12.083883960216998,"{'D1blpY-3ROE', 'p0MvovsCxCk'}",1,FOOD
40,chaat,chaat,"{'FOOD', 'LANDMARK'}","{'SugarSpiceNice Hindi', 'Singhsman '}",14.31990359140418,"{'fP2zols1dag', 'p0MvovsCxCk'}",2,FOOD
41,rice rice,rice rice,{'FOOD'},{'Singhsman '},19.83740506329114,{'p0MvovsCxCk'},1,FOOD
42,ji,ji,{'AREA'},{'Singhsman '},43.83740506329114,{'p0MvovsCxCk'},1,AREA
43,rahul chaat,rahul chaat,{'FOOD SHOP'},"{'SugarSpiceNice Hindi', 'Singhsman '}",12.3257374153665,"{'fP2zols1dag', 'p0MvovsCxCk'}",1,FOOD SHOP
44,pali,pali,{'CITY'},{'Singhsman '},19.83740506329114,{'p0MvovsCxCk'},1,CITY
45,dhaba,dhaba,{'FOOD'},{'Singhsman '},20.83740506329114,{'p0MvovsCxCk'},1,FOOD
46,toh sara,toh sara,{'LANDMARK'},{'Singhsman '},19.83740506329114,{'p0MvovsCxCk'},1,LANDMARK
47,jag se gar,jag se gar,{'LANDMARK'},{'Singhsman '},19.83740506329114,{'p0MvovsCxCk'},1,LANDMARK
48,cheese tikka butter masala,cheese tikka butter masala,{'FOOD'},{'Singhsman '},19.83740506329114,{'p0MvovsCxCk'},1,FOOD
49,tikka masala,tikka masala,{'FOOD'},{'Singhsman '},19.83740506329114,{'p0MvovsCxCk'},1,FOOD
50,ghee,ghee,"{'FOOD', 'AREA'}","{'Singhsman ', 'SugarSpiceNice India'}",11.207123408679927,"{'D1blpY-3ROE', 'p0MvovsCxCk'}",2,FOOD
51,delhi,delhi,{'CITY'},"{'Aniruddha Patil', 'SugarSpiceNice Hindi', 'TheSocialTraveller'}",10.894320878268179,"{'7cPLbiblb84', 'fP2zols1dag', 'Lv0PkSkKeSo'}",1,CITY
52,pune,pune,{'CITY'},"{'Sisters vs Globe', 'TheSocialTraveller'}",27.3733344573563,"{'7cPLbiblb84', '5zA6OFpkPe0'}",1,CITY
53,hawa mahal,hawa mahal,{'LANDMARK'},"{'Aniruddha Patil', 'Yatra Mitra', 'SugarSpiceNice Hindi', 'Sisters vs Globe', 'Saturday Shooters', 'Sakshi Yadav', 'TheSocialTraveller'}",4.407485264884032,"{'Lv0PkSkKeSo', '7cPLbiblb84', 'rm_j6O8y148', '5zA6OFpkPe0', 'fP2zols1dag', 'lmhzpFfuWKc', 'dcRh1zTPnDQ'}",1,LANDMARK
54,albert hall,albert hall,{'LANDMARK'},"{'SugarSpiceNice Hindi', 'Yatra Mitra', 'TheSocialTraveller'}",8.515518224277097,"{'7cPLbiblb84', 'dcRh1zTPnDQ', 'fP2zols1dag'}",1,LANDMARK
55,albert hall museum,albert hall museum,{'LANDMARK'},"{'Saturday Shooters', 'TheSocialTraveller'}",30.131956664290804,"{'7cPLbiblb84', 'rm_j6O8y148'}",1,LANDMARK
56,sargasuli tower,sargasuli tower,{'LANDMARK'},{'TheSocialTraveller'},36.61090163934426,{'7cPLbiblb84'},1,LANDMARK
57,sargasuli,sargasuli,{'LANDMARK'},{'TheSocialTraveller'},37.61090163934426,{'7cPLbiblb84'},1,LANDMARK
58,skykisse tower,skykissing tower,{'LANDMARK'},{'TheSocialTraveller'},35.61090163934426,{'7cPLbiblb84'},1,LANDMARK
59,sharad temple,sharad temple,{'LANDMARK'},{'TheSocialTraveller'},35.61090163934426,{'7cPLbiblb84'},1,LANDMARK
60,ratan temple,ratan temple,{'LANDMARK'},{'TheSocialTraveller'},35.61090163934426,{'7cPLbiblb84'},1,LANDMARK
61,vichitra temple,vichitra temple,{'LANDMARK'},{'TheSocialTraveller'},35.61090163934426,{'7cPLbiblb84'},1,LANDMARK
62,prakash temple,prakash temple,{'LANDMARK'},{'TheSocialTraveller'},35.61090163934426,{'7cPLbiblb84'},1,LANDMARK
63,hawa temple,hawa temple,{'LANDMARK'},{'TheSocialTraveller'},35.61090163934426,{'7cPLbiblb84'},1,LANDMARK
64,daytoday,daytoday,{'AREA'},{'TheSocialTraveller'},35.61090163934426,{'7cPLbiblb84'},1,AREA
65,jantar mantar,jantar mantar,{'LANDMARK'},"{'Aniruddha Patil', 'Yatra Mitra', 'SugarSpiceNice Hindi', 'Saturday Shooters', 'TheSocialTraveller'}",6.526793170387807,"{'Lv0PkSkKeSo', '7cPLbiblb84', 'rm_j6O8y148', 'fP2zols1dag', 'dcRh1zTPnDQ'}",1,LANDMARK
66,jantarmantar,jantarmantar,{'LANDMARK'},{'TheSocialTraveller'},39.61090163934426,{'7cPLbiblb84'},1,LANDMARK
67,mubarak mahal,mubarak mahal,{'LANDMARK'},"{'Saturday Shooters', 'TheSocialTraveller'}",30.62669290805417,"{'7cPLbiblb84', 'rm_j6O8y148'}",1,LANDMARK
68,palace of reception,palace of reception,{'LANDMARK'},{'TheSocialTraveller'},35.61090163934426,{'7cPLbiblb84'},1,LANDMARK
69,ramnivasgarden,ramnivasgarden,{'FOOD'},{'TheSocialTraveller'},35.61090163934426,{'7cPLbiblb84'},1,FOOD
70,chokhi dhani,chokhi dhani,{'LANDMARK'},{'TheSocialTraveller'},36.61090163934426,{'7cPLbiblb84'},1,LANDMARK
71,chowki dhani,chowki dhani,{'LANDMARK'},{'TheSocialTraveller'},37.61090163934426,{'7cPLbiblb84'},1,LANDMARK
72,nahargarh fort,nahargarh fort,{'LANDMARK'},"{'Saturday Shooters', 'TheSocialTraveller', 'Yatra Mitra'}",8.82693454844225,"{'7cPLbiblb84', 'dcRh1zTPnDQ', 'rm_j6O8y148'}",1,LANDMARK
73,jaigarh fort,jaigarh fort,{'LANDMARK'},"{'Saturday Shooters', 'TheSocialTraveller', 'Yatra Mitra'}",21.284396115299657,"{'7cPLbiblb84', 'dcRh1zTPnDQ', 'rm_j6O8y148'}",1,LANDMARK
74,amer fort,amer fort,{'LANDMARK'},"{'Aniruddha Patil', 'SugarSpiceNice Hindi', 'Sisters vs Globe', 'Saturday Shooters', 'TheSocialTraveller', 'Traveller Rishabh'}",9.409784825605238,"{'Lv0PkSkKeSo', '7cPLbiblb84', 'rm_j6O8y148', '5zA6OFpkPe0', 'fP2zols1dag', '48TcOu9kPqg'}",1,LANDMARK
75,sheesh mahal,sheesh mahal,{'LANDMARK'},"{'Aniruddha Patil', 'Yatra Mitra', 'SugarSpiceNice Hindi', 'Saturday Shooters', 'TheSocialTraveller', 'Traveller Rishabh'}",4.733902931882348,"{'Lv0PkSkKeSo', '7cPLbiblb84', 'rm_j6O8y148', 'fP2zols1dag', '48TcOu9kPqg', 'dcRh1zTPnDQ'}",1,LANDMARK
76,step well,step well,{'LANDMARK'},"{'Sisters vs Globe', 'TheSocialTraveller'}",27.3733344573563,"{'7cPLbiblb84', '5zA6OFpkPe0'}",1,LANDMARK
77,bawdi,bawdi,{'LANDMARK'},{'TheSocialTraveller'},35.61090163934426,{'7cPLbiblb84'},1,LANDMARK
78,madhavendra bhawan,madhavendra bhawan,{'LANDMARK'},{'TheSocialTraveller'},35.61090163934426,{'7cPLbiblb84'},1,LANDMARK
79,nahargarh,nahargarh,{'LANDMARK'},"{'Sisters vs Globe', 'TheSocialTraveller'}",29.6233344573563,"{'7cPLbiblb84', '5zA6OFpkPe0'}",1,LANDMARK
80,victory fort,victory fort,{'LANDMARK'},{'TheSocialTraveller'},35.61090163934426,{'7cPLbiblb84'},1,LANDMARK
81,shubhat,shubhat,{'LANDMARK'},{'TheSocialTraveller'},35.61090163934426,{'7cPLbiblb84'},1,LANDMARK
82,khilwat niwa,khilwat niwas,{'LANDMARK'},{'TheSocialTraveller'},35.61090163934426,{'7cPLbiblb84'},1,LANDMARK
83,deewane khas,deewane khas,{'LANDMARK'},"{'Saturday Shooters', 'TheSocialTraveller'}",27.631956664290804,"{'7cPLbiblb84', 'rm_j6O8y148'}",1,LANDMARK
84,lalit mandir vilas mandir,lalit mandir vilas mandir,{'LANDMARK'},{'TheSocialTraveller'},35.61090163934426,{'7cPLbiblb84'},1,LANDMARK
85,lakshmi vila,lakshmi vilas,{'LANDMARK'},{'TheSocialTraveller'},35.61090163934426,{'7cPLbiblb84'},1,LANDMARK
86,bhojan shala,bhojan shala,{'LANDMARK'},{'TheSocialTraveller'},35.61090163934426,{'7cPLbiblb84'},1,LANDMARK
87,jaigar fort,jaigar fort,{'LANDMARK'},{'TheSocialTraveller'},35.61090163934426,{'7cPLbiblb84'},1,LANDMARK
88,aravali mountain,aravali mountain,{'LANDMARK'},{'TheSocialTraveller'},35.61090163934426,{'7cPLbiblb84'},1,LANDMARK
89,maota lake,maota lake,{'LANDMARK'},{'TheSocialTraveller'},35.61090163934426,{'7cPLbiblb84'},1,LANDMARK
90,suraj pole,suraj pole,{'LANDMARK'},{'TheSocialTraveller'},35.61090163934426,{'7cPLbiblb84'},1,LANDMARK
91,jaleb chowk,jaleb chowk,{'LANDMARK'},"{'TheSocialTraveller', 'Traveller Rishabh'}",13.04155228149382,"{'7cPLbiblb84', '48TcOu9kPqg'}",1,LANDMARK
92,suraj pol,suraj pol,{'LANDMARK'},"{'TheSocialTraveller', 'Traveller Rishabh'}",20.564668734110633,"{'7cPLbiblb84', '48TcOu9kPqg'}",1,LANDMARK
93,deewane khaas,deewane khaas,{'LANDMARK'},{'TheSocialTraveller'},35.61090163934426,{'7cPLbiblb84'},1,LANDMARK
94,zenana deodi,zenana deodi,{'LANDMARK'},{'TheSocialTraveller'},35.61090163934426,{'7cPLbiblb84'},1,LANDMARK
95,jal mahal,jal mahal,{'LANDMARK'},"{'Golgappa Girl', 'SugarSpiceNice India', 'Aniruddha Patil', 'Yatra Mitra', 'SugarSpiceNice Hindi', 'Sisters vs Globe', 'Saturday Shooters', 'TheSocialTraveller'}",5.046077898744658,"{'Lv0PkSkKeSo', '7cPLbiblb84', 'rm_j6O8y148', '5zA6OFpkPe0', 'fP2zols1dag', 'snwAYESRUEw', 'D1blpY-3ROE', 'dcRh1zTPnDQ'}",1,LANDMARK
96,mansagar lake,mansagar lake,{'LANDMARK'},"{'Yatra Mitra', 'TheSocialTraveller'}",19.314330176240496,"{'7cPLbiblb84', 'dcRh1zTPnDQ'}",1,LANDMARK
97,sweet,sweet,"{'FOOD', 'AREA'}","{'SugarSpiceNice India', 'TheSocialTraveller'}",23.47063224824356,"{'7cPLbiblb84', 'D1blpY-3ROE'}",2,FOOD
98,rawat kachori,rawat kachori,{'FOOD SHOP'},{'TheSocialTraveller'},35.61090163934426,{'7cPLbiblb84'},1,FOOD SHOP
99,tripolia bazaar,tripolia bazaar,{'AREA'},"{'Saturday Shooters', 'TheSocialTraveller'}",27.631956664290804,"{'7cPLbiblb84', 'rm_j6O8y148'}",1,AREA
100,nehru bazaar,nehru bazaar,{'AREA'},"{'Sakshi Yadav', 'TheSocialTraveller'}",11.495194545638535,"{'7cPLbiblb84', 'lmhzpFfuWKc'}",1,AREA
101,bapu bazaar,bapu bazaar,{'AREA'},"{'SugarSpiceNice Hindi', 'Sakshi Yadav', 'TheSocialTraveller'}",7.301108038027014,"{'7cPLbiblb84', 'lmhzpFfuWKc', 'fP2zols1dag'}",1,AREA
102,sisodia garden,sisodia garden,{'LANDMARK'},{'TheSocialTraveller'},36.61090163934426,{'7cPLbiblb84'},1,LANDMARK
103,birla temple,birla temple,{'LANDMARK'},"{'Saturday Shooters', 'TheSocialTraveller'}",22.522747933000716,"{'7cPLbiblb84', 'rm_j6O8y148'}",1,LANDMARK
104,moti dungri hill,moti dungri hill,{'LANDMARK'},{'TheSocialTraveller'},35.61090163934426,{'7cPLbiblb84'},1,LANDMARK
105,lakshmi narayan temple,lakshmi narayan temple,{'LANDMARK'},"{'Saturday Shooters', 'TheSocialTraveller'}",27.631956664290804,"{'7cPLbiblb84', 'rm_j6O8y148'}",1,LANDMARK
106,panchmukhi mandir,panchmukhi mandir,{'LANDMARK'},{'TheSocialTraveller'},35.61090163934426,{'7cPLbiblb84'},1,LANDMARK
107,moti dungri ganesh ji mandir,moti dungri ganesh ji mandir,{'LANDMARK'},{'TheSocialTraveller'},35.61090163934426,{'7cPLbiblb84'},1,LANDMARK
108,birla mandir,birla mandir,{'LANDMARK'},{'TheSocialTraveller'},35.61090163934426,{'7cPLbiblb84'},1,LANDMARK
109,adinath digambar jain temple,adinath digambar jain temple,{'LANDMARK'},{'TheSocialTraveller'},35.61090163934426,{'7cPLbiblb84'},1,LANDMARK
110,amar jawan jyoti central park,amar jawan jyoti central park,{'LANDMARK'},{'TheSocialTraveller'},35.61090163934426,{'7cPLbiblb84'},1,LANDMARK
111,raj mandir,raj mandir,{'LANDMARK'},{'TheSocialTraveller'},35.61090163934426,{'7cPLbiblb84'},1,LANDMARK
112,world trade park,world trade park,{'LANDMARK'},{'TheSocialTraveller'},35.61090163934426,{'7cPLbiblb84'},1,LANDMARK
113,taj mahal,taj mahal,{'LANDMARK'},{'Saturday Shooters'},3.695121739130435,{'rm_j6O8y148'},1,LANDMARK
114,diwan mango,diwan mango,"{'FOOD', 'LANDMARK'}","{'SugarSpiceNice Hindi', 'Saturday Shooters'}",4.254595753286148,"{'fP2zols1dag', 'rm_j6O8y148'}",2,FOOD
115,jantar mantar city palace,jantar mantar city palace,{'LANDMARK'},{'Saturday Shooters'},3.695121739130435,{'rm_j6O8y148'},1,LANDMARK
116,sun raj,sun raj,{'LANDMARK'},{'Saturday Shooters'},3.695121739130435,{'rm_j6O8y148'},1,LANDMARK
117,hawa palace,hawa palace,{'LANDMARK'},{'Saturday Shooters'},3.695121739130435,{'rm_j6O8y148'},1,LANDMARK
118,amar fort,amar fort,{'LANDMARK'},"{'Aniruddha Patil', 'Saturday Shooters'}",7.03371974806989,"{'Lv0PkSkKeSo', 'rm_j6O8y148'}",1,LANDMARK
119,raja jai,raja jai,{'CLOTH SHOP'},{'Saturday Shooters'},3.695121739130435,{'rm_j6O8y148'},1,CLOTH SHOP
120,onhar garh fort,onhar garh fort,{'LANDMARK'},{'Saturday Shooters'},3.695121739130435,{'rm_j6O8y148'},1,LANDMARK
121,nehru,nehru,{'CITY'},{'Saturday Shooters'},3.695121739130435,{'rm_j6O8y148'},1,CITY
122,buruj fort,buruj fort,{'LANDMARK'},{'Aniruddha Patil'},2.3723177570093457,{'Lv0PkSkKeSo'},1,LANDMARK
123,sheesh palace,sheesh palace,{'LANDMARK'},"{'Aniruddha Patil', 'Traveller Rishabh'}",3.9453767929431756,"{'Lv0PkSkKeSo', '48TcOu9kPqg'}",1,LANDMARK
124,nargarh fort,nargarh fort,{'LANDMARK'},{'Aniruddha Patil'},2.3723177570093457,{'Lv0PkSkKeSo'},1,LANDMARK
125,jaipur city,jaipur city,{'LANDMARK'},{'Aniruddha Patil'},8.372317757009347,{'Lv0PkSkKeSo'},1,LANDMARK
126,suraj,suraj,{'AREA'},{'Aniruddha Patil'},2.3723177570093457,{'Lv0PkSkKeSo'},1,AREA
127,ragar fort,ragar fort,{'LANDMARK'},{'Aniruddha Patil'},5.372317757009346,{'Lv0PkSkKeSo'},1,LANDMARK
128,short,shorts,{'AREA'},{'Aniruddha Patil'},2.3723177570093457,{'Lv0PkSkKeSo'},1,AREA
129,amir,amir,{'FOOD SHOP'},{'Aniruddha Patil'},3.3723177570093457,{'Lv0PkSkKeSo'},1,FOOD SHOP
130,mota lake,mota lake,{'LANDMARK'},{'Aniruddha Patil'},2.3723177570093457,{'Lv0PkSkKeSo'},1,LANDMARK
131,saffron garden,saffron garden,{'LANDMARK'},"{'Aniruddha Patil', 'Traveller Rishabh'}",4.731906310910091,"{'Lv0PkSkKeSo', '48TcOu9kPqg'}",1,LANDMARK
132,lung wall,lung wall,{'LANDMARK'},{'Aniruddha Patil'},2.3723177570093457,{'Lv0PkSkKeSo'},1,LANDMARK
133,shri jagat shiromani ji temple,shri jagat shiromani ji temple,{'LANDMARK'},{'Aniruddha Patil'},2.3723177570093457,{'Lv0PkSkKeSo'},1,LANDMARK
134,aamir fort,aamir fort,{'LANDMARK'},"{'Aniruddha Patil', 'Sisters vs Globe', 'Traveller Rishabh'}",8.330874563418377,"{'Lv0PkSkKeSo', '5zA6OFpkPe0', '48TcOu9kPqg'}",1,LANDMARK
135,udaipur,udaipur,{'CITY'},{'Aniruddha Patil'},2.3723177570093457,{'Lv0PkSkKeSo'},1,CITY
136,albert museum,albert museum,{'LANDMARK'},{'Aniruddha Patil'},2.3723177570093457,{'Lv0PkSkKeSo'},1,LANDMARK
137,sundar lake,sundar lakes,{'LANDMARK'},{'Aniruddha Patil'},2.3723177570093457,{'Lv0PkSkKeSo'},1,LANDMARK
138,hai palace,hai palace,{'LANDMARK'},{'Aniruddha Patil'},2.3723177570093457,{'Lv0PkSkKeSo'},1,LANDMARK
139,hai temple,hai temple,{'LANDMARK'},{'Aniruddha Patil'},2.3723177570093457,{'Lv0PkSkKeSo'},1,LANDMARK
140,sandal,sandal,{'AREA'},{'Aniruddha Patil'},2.3723177570093457,{'Lv0PkSkKeSo'},1,AREA
141,sun acarding of bada,sun acarding of bada,{'LANDMARK'},{'Aniruddha Patil'},2.3723177570093457,{'Lv0PkSkKeSo'},1,LANDMARK
142,sasa ek,sasa ek,{'LANDMARK'},{'Aniruddha Patil'},2.3723177570093457,{'Lv0PkSkKeSo'},1,LANDMARK
143,ujjain,ujjain,{'CITY'},{'Aniruddha Patil'},2.3723177570093457,{'Lv0PkSkKeSo'},1,CITY
144,delhi mathura,delhi mathura,{'LANDMARK'},{'Aniruddha Patil'},2.3723177570093457,{'Lv0PkSkKeSo'},1,LANDMARK
145,sagar lake,sagar lake,{'LANDMARK'},"{'Aniruddha Patil', 'Golgappa Girl', 'SugarSpiceNice Hindi'}",3.468459347237463,"{'Lv0PkSkKeSo', 'snwAYESRUEw', 'fP2zols1dag'}",1,LANDMARK
146,sambar lake,sambar lake,{'LANDMARK'},{'Aniruddha Patil'},6.372317757009346,{'Lv0PkSkKeSo'},1,LANDMARK
147,sen,sen,{'FOOD'},{'Aniruddha Patil'},3.3723177570093457,{'Lv0PkSkKeSo'},1,FOOD
148,subscribe,subscribe,{'AREA'},"{'Aniruddha Patil', 'SugarSpiceNice India'}",2.8513403070761014,"{'Lv0PkSkKeSo', 'D1blpY-3ROE'}",1,AREA
149,bharat,bharat,{'FOOD SHOP'},"{'Aniruddha Patil', 'Yatra Mitra'}",2.6950382350730377,"{'Lv0PkSkKeSo', 'dcRh1zTPnDQ'}",1,FOOD SHOP
150,amer,amer,"{'LANDMARK', 'AREA'}","{'SugarSpiceNice Hindi', 'Sisters vs Globe'}",14.749172316566089,"{'5zA6OFpkPe0', 'fP2zols1dag'}",2,LANDMARK
151,krishna ji,krishna jis,{'ROADS'},{'Sisters vs Globe'},2.6606329113924048,{'5zA6OFpkPe0'},1,ROADS
152,sun temple,sun temples,{'LANDMARK'},{'Sisters vs Globe'},7.410632911392405,{'5zA6OFpkPe0'},1,LANDMARK
153,jis temple,jis temple,{'LANDMARK'},{'Sisters vs Globe'},3.6606329113924048,{'5zA6OFpkPe0'},1,LANDMARK
154,gata jis temple,gata jis temple,{'LANDMARK'},{'Sisters vs Globe'},2.6606329113924048,{'5zA6OFpkPe0'},1,LANDMARK
155,speech special,speech special,{'LANDMARK'},{'Sisters vs Globe'},2.6606329113924048,{'5zA6OFpkPe0'},1,LANDMARK
156,galata kund,galata kund,{'LANDMARK'},{'Sisters vs Globe'},2.6606329113924048,{'5zA6OFpkPe0'},1,LANDMARK
157,gopal ji,gopal ji,{'LANDMARK'},{'Sisters vs Globe'},2.6606329113924048,{'5zA6OFpkPe0'},1,LANDMARK
158,aamir food,aamir food,{'FOOD SHOP'},{'Sisters vs Globe'},2.6606329113924048,{'5zA6OFpkPe0'},1,FOOD SHOP
159,smriti van,smriti van,{'LANDMARK'},{'Sisters vs Globe'},3.6606329113924048,{'5zA6OFpkPe0'},1,LANDMARK
160,reimber,reimber,{'FOOD'},{'Sisters vs Globe'},2.6606329113924048,{'5zA6OFpkPe0'},1,FOOD
161,ram pura,ram pura,{'LANDMARK'},{'Travel Tales'},3.0139,{'Oz18u64bM8I'},1,LANDMARK
162,maggi,maggi,{'FOOD'},"{'SugarSpiceNice Hindi', 'Golgappa Girl', 'Travel Tales'}",6.986289920117224,"{'snwAYESRUEw', 'fP2zols1dag', 'Oz18u64bM8I'}",1,FOOD
163,arun bhai,arun bhai,{'FOOD SHOP'},{'Travel Tales'},3.0139,{'Oz18u64bM8I'},1,FOOD SHOP
164,shweta,shweta,{'AREA'},"{'SugarSpiceNice Hindi', 'SugarSpiceNice India'}",4.072216312292359,"{'D1blpY-3ROE', 'fP2zols1dag'}",1,AREA
165,bagh garden,bagh garden,{'LANDMARK'},{'SugarSpiceNice Hindi'},4.814069767441861,{'fP2zols1dag'},1,LANDMARK
166,00,00,{'CITY'},{'SugarSpiceNice Hindi'},27.81406976744186,{'fP2zols1dag'},1,CITY
167,diwane kha,diwane khas,{'LANDMARK'},{'SugarSpiceNice Hindi'},4.814069767441861,{'fP2zols1dag'},1,LANDMARK
168,niwa chowk,niwas chowk,{'LANDMARK'},{'SugarSpiceNice Hindi'},5.814069767441861,{'fP2zols1dag'},1,LANDMARK
169,pritam niwas chowk,pritam niwas chowk,{'LANDMARK'},{'SugarSpiceNice Hindi'},5.814069767441861,{'fP2zols1dag'},1,LANDMARK
170,chandra mahal,chandra mahal,{'LANDMARK'},{'SugarSpiceNice Hindi'},4.814069767441861,{'fP2zols1dag'},1,LANDMARK
171,wali,wali,{'CITY'},{'SugarSpiceNice Hindi'},5.814069767441861,{'fP2zols1dag'},1,CITY
172,sarvat bhadra,sarvat bhadra,{'LANDMARK'},{'SugarSpiceNice Hindi'},4.814069767441861,{'fP2zols1dag'},1,LANDMARK
173,shobha niwa golden,shobha niwas golden,{'LANDMARK'},{'SugarSpiceNice Hindi'},4.814069767441861,{'fP2zols1dag'},1,LANDMARK
174,ram yantra,ram yantra,{'LANDMARK'},{'SugarSpiceNice Hindi'},4.814069767441861,{'fP2zols1dag'},1,LANDMARK
175,910 gate,910 gates,{'LANDMARK'},{'SugarSpiceNice Hindi'},4.814069767441861,{'fP2zols1dag'},1,LANDMARK
176,ganesh moment,ganesh moment,{'LANDMARK'},{'SugarSpiceNice Hindi'},4.814069767441861,{'fP2zols1dag'},1,LANDMARK
177,deewane mango deewane khas,deewane mango deewane khas,{'FOOD'},{'SugarSpiceNice Hindi'},4.814069767441861,{'fP2zols1dag'},1,FOOD
178,sukh mandir,sukh mandir,{'LANDMARK'},{'SugarSpiceNice Hindi'},5.814069767441861,{'fP2zols1dag'},1,LANDMARK
179,devis temple,devis temple,{'LANDMARK'},{'SugarSpiceNice Hindi'},4.814069767441861,{'fP2zols1dag'},1,LANDMARK
180,mango ganesh,mango ganesh,{'LANDMARK'},{'SugarSpiceNice Hindi'},4.814069767441861,{'fP2zols1dag'},1,LANDMARK
181,amer palace,amer palace,{'LANDMARK'},"{'SugarSpiceNice Hindi', 'Yatra Mitra'}",4.915914240289295,"{'dcRh1zTPnDQ', 'fP2zols1dag'}",1,LANDMARK
182,suvi,suvi,{'AREA'},{'SugarSpiceNice Hindi'},4.814069767441861,{'fP2zols1dag'},1,AREA
183,kala kendra,kala kendra,{'LANDMARK'},"{'SugarSpiceNice Hindi', 'SugarSpiceNice India'}",4.572216312292359,"{'D1blpY-3ROE', 'fP2zols1dag'}",1,LANDMARK
184,ramdas satyanarayana,ramdas satyanarayana,{'FOOD SHOP'},{'SugarSpiceNice Hindi'},4.814069767441861,{'fP2zols1dag'},1,FOOD SHOP
185,chur paan,chur paan,{'FOOD'},{'SugarSpiceNice Hindi'},4.814069767441861,{'fP2zols1dag'},1,FOOD
186,gajak,gajaks,{'AREA'},{'SugarSpiceNice Hindi'},4.814069767441861,{'fP2zols1dag'},1,AREA
187,jaggery,jaggery,{'FOOD'},"{'SugarSpiceNice Hindi', 'SugarSpiceNice India'}",5.572216312292359,"{'D1blpY-3ROE', 'fP2zols1dag'}",1,FOOD
188,cashew katli,cashew katli,{'FOOD'},{'SugarSpiceNice Hindi'},4.814069767441861,{'fP2zols1dag'},1,FOOD
189,jaggery samosa,jaggery samosa,{'FOOD'},{'SugarSpiceNice Hindi'},4.814069767441861,{'fP2zols1dag'},1,FOOD
190,pistachio bati mango,pistachio bati mango,{'FOOD'},{'SugarSpiceNice Hindi'},4.814069767441861,{'fP2zols1dag'},1,FOOD
191,saravagi,saravagi,{'AREA'},{'SugarSpiceNice Hindi'},4.814069767441861,{'fP2zols1dag'},1,AREA
192,gaurav tar,gaurav tars,{'LANDMARK'},{'SugarSpiceNice Hindi'},4.814069767441861,{'fP2zols1dag'},1,LANDMARK
193,lakshmi mishtan bhandar,lakshmi mishtan bhandar,{'LANDMARK'},{'SugarSpiceNice Hindi'},4.814069767441861,{'fP2zols1dag'},1,LANDMARK
194,chaat tikki,chaat tikki,{'FOOD'},{'SugarSpiceNice Hindi'},4.814069767441861,{'fP2zols1dag'},1,FOOD
195,onion kachori,onion kachori,{'FOOD'},"{'SugarSpiceNice Hindi', 'Golgappa Girl'}",4.328897349845592,"{'snwAYESRUEw', 'fP2zols1dag'}",1,FOOD
196,mirchi,mirchi,{'FOOD'},{'SugarSpiceNice Hindi'},5.814069767441861,{'fP2zols1dag'},1,FOOD
197,sugar syrup,sugar syrup,{'FOOD'},{'SugarSpiceNice Hindi'},4.814069767441861,{'fP2zols1dag'},1,FOOD
198,sodney sweet,sodney sweets,{'LANDMARK'},{'SugarSpiceNice Hindi'},4.814069767441861,{'fP2zols1dag'},1,LANDMARK
199,rasgulla barfi,rasgulla barfi,{'FOOD'},{'SugarSpiceNice Hindi'},4.814069767441861,{'fP2zols1dag'},1,FOOD
200,lassi bhagat mishthan bhandar,lassi bhagat mishthan bhandar,{'FOOD'},{'SugarSpiceNice Hindi'},4.814069767441861,{'fP2zols1dag'},1,FOOD
201,desi ghee gram,desi ghee gram,{'FOOD'},{'SugarSpiceNice Hindi'},4.814069767441861,{'fP2zols1dag'},1,FOOD
202,motichur laddu,motichur laddu,{'LANDMARK'},{'SugarSpiceNice Hindi'},5.814069767441861,{'fP2zols1dag'},1,LANDMARK
203,sunny,sunny,{'AREA'},{'SugarSpiceNice Hindi'},4.814069767441861,{'fP2zols1dag'},1,AREA
204,tikki,tikki,{'FOOD'},{'SugarSpiceNice Hindi'},6.814069767441861,{'fP2zols1dag'},1,FOOD
205,sev puri,sev puri,{'LANDMARK'},{'SugarSpiceNice Hindi'},4.814069767441861,{'fP2zols1dag'},1,LANDMARK
206,durgadas chaat bhandar,durgadas chaat bhandar,{'FOOD SHOP'},{'SugarSpiceNice Hindi'},4.814069767441861,{'fP2zols1dag'},1,FOOD SHOP
207,sahu tea,sahu tea,{'LANDMARK'},{'SugarSpiceNice Hindi'},4.814069767441861,{'fP2zols1dag'},1,LANDMARK
208,coffee,coffee,{'FOOD'},{'SugarSpiceNice Hindi'},14.814069767441861,{'fP2zols1dag'},1,FOOD
209,starbuck,starbucks,{'FOOD'},{'SugarSpiceNice Hindi'},4.814069767441861,{'fP2zols1dag'},1,FOOD
210,lassi,lassi,{'FOOD'},"{'SugarSpiceNice Hindi', 'Sakshi Yadav', 'SugarSpiceNice India'}",4.764420913347825,"{'lmhzpFfuWKc', 'D1blpY-3ROE', 'fP2zols1dag'}",1,FOOD
211,wala,wala,{'FOOD SHOP'},{'SugarSpiceNice Hindi'},4.814069767441861,{'fP2zols1dag'},1,FOOD SHOP
212,kulfi,kulfi,{'FOOD'},{'SugarSpiceNice Hindi'},8.814069767441861,{'fP2zols1dag'},1,FOOD
213,ramchandra kulfi,ramchandra kulfi,{'FOOD SHOP'},{'SugarSpiceNice Hindi'},4.814069767441861,{'fP2zols1dag'},1,FOOD SHOP
214,mahavir rabri bhandar,mahavir rabri bhandar,{'FOOD SHOP'},{'SugarSpiceNice Hindi'},4.814069767441861,{'fP2zols1dag'},1,FOOD SHOP
215,jalebi,jalebi,{'FOOD'},{'SugarSpiceNice Hindi'},5.814069767441861,{'fP2zols1dag'},1,FOOD
216,kulfi rabri,kulfi rabri,{'FOOD'},{'SugarSpiceNice Hindi'},4.814069767441861,{'fP2zols1dag'},1,FOOD
217,albert,albert,{'AREA'},{'SugarSpiceNice Hindi'},6.814069767441861,{'fP2zols1dag'},1,AREA
218,cax vegan,cax vegan,{'FOOD SHOP'},{'SugarSpiceNice Hindi'},4.814069767441861,{'fP2zols1dag'},1,FOOD SHOP
219,kujan restaurant,kujan restaurant,{'LANDMARK'},{'SugarSpiceNice Hindi'},4.814069767441861,{'fP2zols1dag'},1,LANDMARK
220,vaishnav devi temple,vaishnav devi temple,{'LANDMARK'},{'SugarSpiceNice Hindi'},4.814069767441861,{'fP2zols1dag'},1,LANDMARK
221,ganga ghat,ganga ghat,{'LANDMARK'},{'SugarSpiceNice Hindi'},4.814069767441861,{'fP2zols1dag'},1,LANDMARK
222,jai mahal palace,jai mahal palace,{'LANDMARK'},{'SugarSpiceNice Hindi'},5.814069767441861,{'fP2zols1dag'},1,LANDMARK
223,suvarna mahal restaurant,suvarna mahal restaurant,{'LANDMARK'},{'SugarSpiceNice Hindi'},4.814069767441861,{'fP2zols1dag'},1,LANDMARK
224,mansarovar lake,mansarovar lake,{'LANDMARK'},{'SugarSpiceNice Hindi'},5.814069767441861,{'fP2zols1dag'},1,LANDMARK
225,jal mahal palace,jal mahal palace,{'LANDMARK'},"{'SugarSpiceNice Hindi', 'Golgappa Girl'}",4.3363111410474575,"{'snwAYESRUEw', 'fP2zols1dag'}",1,LANDMARK
226,agra,agra,{'CITY'},{'SugarSpiceNice Hindi'},4.814069767441861,{'fP2zols1dag'},1,CITY
227,masala chowk,masala chowk,{'LANDMARK'},{'SugarSpiceNice Hindi'},4.814069767441861,{'fP2zols1dag'},1,LANDMARK
228,jai mahal,jai mahal,{'LANDMARK'},{'SugarSpiceNice Hindi'},6.814069767441861,{'fP2zols1dag'},1,LANDMARK
229,mirchi bada,mirchi bada,"{'FOOD SHOP', 'CLOTH SHOP'}",{'SugarSpiceNice India'},6.330362857142857,{'D1blpY-3ROE'},2,FOOD SHOP
230,mirchi pakoda,mirchi pakoda,{'FOOD SHOP'},{'SugarSpiceNice India'},3.330362857142857,{'D1blpY-3ROE'},1,FOOD SHOP
231,sun,sun,{'AREA'},{'SugarSpiceNice India'},8.330362857142857,{'D1blpY-3ROE'},1,AREA
232,kachori,kachori,"{'FOOD', 'AREA'}","{'Golgappa Girl', 'SugarSpiceNice India'}",11.965384413472707,"{'D1blpY-3ROE', 'snwAYESRUEw'}",2,FOOD
233,dal wala,dal wala,{'FOOD'},{'SugarSpiceNice India'},3.330362857142857,{'D1blpY-3ROE'},1,FOOD
234,moong dal,moong dal,{'FOOD'},{'SugarSpiceNice India'},3.330362857142857,{'D1blpY-3ROE'},1,FOOD
235,katori onion kachori,katori onion kachori,{'FOOD'},{'SugarSpiceNice India'},3.330362857142857,{'D1blpY-3ROE'},1,FOOD
236,mava kachori,mava kachori,{'LANDMARK'},{'SugarSpiceNice India'},4.330362857142857,{'D1blpY-3ROE'},1,LANDMARK
237,piazz kachori,piazz kachori,{'FOOD'},{'SugarSpiceNice India'},3.330362857142857,{'D1blpY-3ROE'},1,FOOD
238,moga kachori,moga kachori,{'LANDMARK'},{'SugarSpiceNice India'},3.330362857142857,{'D1blpY-3ROE'},1,LANDMARK
239,pias katori,pias katori,{'LANDMARK'},{'SugarSpiceNice India'},3.330362857142857,{'D1blpY-3ROE'},1,LANDMARK
240,dessert the,dessert the,{'LANDMARK'},{'SugarSpiceNice India'},4.330362857142857,{'D1blpY-3ROE'},1,LANDMARK
241,paneer butter masala,paneer butter masala,{'FOOD'},{'SugarSpiceNice India'},6.330362857142857,{'D1blpY-3ROE'},1,FOOD
242,paneer gravy,paneer gravy,{'FOOD'},{'SugarSpiceNice India'},3.330362857142857,{'D1blpY-3ROE'},1,FOOD
243,flavorful paneer butter,flavorful paneer butter,{'FOOD'},{'SugarSpiceNice India'},3.330362857142857,{'D1blpY-3ROE'},1,FOOD
244,lassiwala,lassiwala,{'FOOD SHOP'},{'SugarSpiceNice India'},3.330362857142857,{'D1blpY-3ROE'},1,FOOD SHOP
245,sundaes,sundaes,{'FOOD'},{'SugarSpiceNice India'},3.330362857142857,{'D1blpY-3ROE'},1,FOOD
246,sunny afternoon,sunny afternoon,{'LANDMARK'},{'SugarSpiceNice India'},3.330362857142857,{'D1blpY-3ROE'},1,LANDMARK
247,dairy,dairy,{'FOOD'},{'SugarSpiceNice India'},3.330362857142857,{'D1blpY-3ROE'},1,FOOD
248,paneer pakota samosa jalebi,paneer pakota samosa jalebi,{'FOOD'},{'SugarSpiceNice India'},3.330362857142857,{'D1blpY-3ROE'},1,FOOD
249,chai,chai,{'FOOD'},{'SugarSpiceNice India'},9.330362857142857,{'D1blpY-3ROE'},1,FOOD
250,paneer pakoda,paneer pakoda,{'LANDMARK'},{'SugarSpiceNice India'},3.330362857142857,{'D1blpY-3ROE'},1,LANDMARK
251,samosa the,samosa the,{'LANDMARK'},{'SugarSpiceNice India'},4.330362857142857,{'D1blpY-3ROE'},1,LANDMARK
252,chutney,chutney,"{'FOOD', 'AREA'}",{'SugarSpiceNice India'},11.330362857142857,{'D1blpY-3ROE'},2,FOOD
253,masala,masala,{'FOOD'},{'SugarSpiceNice India'},16.33036285714286,{'D1blpY-3ROE'},1,FOOD
254,chewy jalebi,chewy jalebi,{'FOOD'},{'SugarSpiceNice India'},3.330362857142857,{'D1blpY-3ROE'},1,FOOD
255,softy,softy,{'AREA'},{'SugarSpiceNice India'},3.330362857142857,{'D1blpY-3ROE'},1,AREA
256,masala chalk now,masala chalk now,{'ROADS'},{'SugarSpiceNice India'},3.330362857142857,{'D1blpY-3ROE'},1,ROADS
257,mahavir rabri,mahavir rabri,{'FOOD SHOP'},{'SugarSpiceNice India'},3.330362857142857,{'D1blpY-3ROE'},1,FOOD SHOP
258,thali,thali,{'FOOD'},{'SugarSpiceNice India'},7.330362857142857,{'D1blpY-3ROE'},1,FOOD
259,roti,roti,{'FOOD'},{'SugarSpiceNice India'},8.330362857142857,{'D1blpY-3ROE'},1,FOOD
260,joa besan,joa besan,{'LANDMARK'},{'SugarSpiceNice India'},3.330362857142857,{'D1blpY-3ROE'},1,LANDMARK
261,mirchi ketepore,mirchi ketepore,{'FOOD SHOP'},{'SugarSpiceNice India'},3.330362857142857,{'D1blpY-3ROE'},1,FOOD SHOP
262,mahavir,mahavir,{'CITY'},{'SugarSpiceNice India'},4.330362857142857,{'D1blpY-3ROE'},1,CITY
263,kesari,kesari,{'FOOD'},{'SugarSpiceNice India'},3.330362857142857,{'D1blpY-3ROE'},1,FOOD
264,mithai,mithai,"{'FOOD SHOP', 'AREA'}",{'SugarSpiceNice India'},5.330362857142857,{'D1blpY-3ROE'},2,FOOD SHOP
265,kachori samosa bread pakoda paneer kofta,kachori samosa bread pakoda paneer kofta,{'FOOD'},{'SugarSpiceNice India'},3.330362857142857,{'D1blpY-3ROE'},1,FOOD
266,ladoos,ladoos,{'FOOD'},{'SugarSpiceNice India'},5.330362857142857,{'D1blpY-3ROE'},1,FOOD
267,boondi ladoos,boondi ladoos,{'FOOD'},{'SugarSpiceNice India'},3.330362857142857,{'D1blpY-3ROE'},1,FOOD
268,bundila doos,bundila doos,{'LANDMARK'},{'SugarSpiceNice India'},3.330362857142857,{'D1blpY-3ROE'},1,LANDMARK
269,perfection,perfection,{'FOOD'},{'SugarSpiceNice India'},4.330362857142857,{'D1blpY-3ROE'},1,FOOD
270,sanjay omelette,sanjay omelette,"{'FOOD SHOP', 'LANDMARK'}",{'SugarSpiceNice India'},6.330362857142857,{'D1blpY-3ROE'},2,FOOD SHOP
271,green chutney,green chutney,{'FOOD'},{'SugarSpiceNice India'},3.330362857142857,{'D1blpY-3ROE'},1,FOOD
272,masala omelette,masala omelette,{'FOOD'},{'SugarSpiceNice India'},3.330362857142857,{'D1blpY-3ROE'},1,FOOD
273,garlic chutney,garlic chutney,{'FOOD'},"{'Golgappa Girl', 'SugarSpiceNice India'}",4.08704389469609,"{'D1blpY-3ROE', 'snwAYESRUEw'}",1,FOOD
274,masala maggie,masala maggie,{'LANDMARK'},{'SugarSpiceNice India'},4.330362857142857,{'D1blpY-3ROE'},1,LANDMARK
275,jawahar kala kendra,jawahar kala kendra,{'LANDMARK'},{'SugarSpiceNice India'},4.330362857142857,{'D1blpY-3ROE'},1,LANDMARK
276,durga das,durga das,{'LANDMARK'},{'SugarSpiceNice India'},3.330362857142857,{'D1blpY-3ROE'},1,LANDMARK
277,bhandar,bhandar,{'LANDMARK'},{'SugarSpiceNice India'},3.330362857142857,{'D1blpY-3ROE'},1,LANDMARK
278,pani,pani,{'AREA'},{'SugarSpiceNice India'},4.330362857142857,{'D1blpY-3ROE'},1,AREA
279,tamarind,tamarind,{'FOOD'},{'SugarSpiceNice India'},3.330362857142857,{'D1blpY-3ROE'},1,FOOD
280,pani puri,pani puri,{'LANDMARK'},{'SugarSpiceNice India'},3.330362857142857,{'D1blpY-3ROE'},1,LANDMARK
281,chora rasta,chora rasta,{'LANDMARK'},{'SugarSpiceNice India'},3.330362857142857,{'D1blpY-3ROE'},1,LANDMARK
282,aloo kakachori,aloo kakachori,{'FOOD'},{'SugarSpiceNice India'},3.330362857142857,{'D1blpY-3ROE'},1,FOOD
283,pyasa kachori,pyasa kachori,{'FOOD'},{'SugarSpiceNice India'},3.330362857142857,{'D1blpY-3ROE'},1,FOOD
284,aloo ki kachori,aloo ki kachori,{'FOOD'},{'SugarSpiceNice India'},3.330362857142857,{'D1blpY-3ROE'},1,FOOD
285,mirchi bada and samosa,mirchi bada and samosa,{'FOOD SHOP'},{'SugarSpiceNice India'},3.330362857142857,{'D1blpY-3ROE'},1,FOOD SHOP
286,lmb,lmb,{'FOOD SHOP'},{'SugarSpiceNice India'},5.330362857142857,{'D1blpY-3ROE'},1,FOOD SHOP
287,sesame seed,sesame seeds,{'FOOD'},{'SugarSpiceNice India'},4.330362857142857,{'D1blpY-3ROE'},1,FOOD
288,peanut,peanut,{'FOOD'},{'SugarSpiceNice India'},6.330362857142857,{'D1blpY-3ROE'},1,FOOD
289,chicky,chicky,{'FOOD'},{'SugarSpiceNice India'},4.330362857142857,{'D1blpY-3ROE'},1,FOOD
290,pista,pista,{'FOOD'},{'SugarSpiceNice India'},4.330362857142857,{'D1blpY-3ROE'},1,FOOD
291,mango,mango,{'AREA'},{'SugarSpiceNice India'},4.330362857142857,{'D1blpY-3ROE'},1,AREA
292,ribery the,ribery the,{'LANDMARK'},{'SugarSpiceNice India'},3.330362857142857,{'D1blpY-3ROE'},1,LANDMARK
293,kaju katli,kaju katli,{'FOOD'},{'SugarSpiceNice India'},3.330362857142857,{'D1blpY-3ROE'},1,FOOD
294,aloo tiki,aloo tiki,{'LANDMARK'},{'SugarSpiceNice India'},3.330362857142857,{'D1blpY-3ROE'},1,LANDMARK
295,dahi,dahi,{'FOOD'},{'SugarSpiceNice India'},6.330362857142857,{'D1blpY-3ROE'},1,FOOD
296,paneer gaver,paneer gaver,{'FOOD'},{'SugarSpiceNice India'},3.330362857142857,{'D1blpY-3ROE'},1,FOOD
297,top,topped,{'FOOD'},{'SugarSpiceNice India'},4.330362857142857,{'D1blpY-3ROE'},1,FOOD
298,jeera,jeera,{'FOOD'},{'SugarSpiceNice India'},5.330362857142857,{'D1blpY-3ROE'},1,FOOD
299,sweet chutney,sweet chutney,{'FOOD'},{'SugarSpiceNice India'},3.330362857142857,{'D1blpY-3ROE'},1,FOOD
300,rescuce,rescuce,{'FOOD'},{'Golgappa Girl'},2.8437249322493225,{'snwAYESRUEw'},1,FOOD
301,cimd,cimd,{'FOOD'},{'Golgappa Girl'},2.8437249322493225,{'snwAYESRUEw'},1,FOOD
302,rawat mishthan bhandar,rawat mishthan bhandar,{'FOOD SHOP'},{'Golgappa Girl'},2.8437249322493225,{'snwAYESRUEw'},1,FOOD SHOP
303,mawa kachori,mawa kachori,{'LANDMARK'},{'Golgappa Girl'},3.8437249322493225,{'snwAYESRUEw'},1,LANDMARK
304,tride,tride,{'AREA'},{'Golgappa Girl'},2.8437249322493225,{'snwAYESRUEw'},1,AREA
305,cardamom,cardamom,{'FOOD'},{'Golgappa Girl'},6.843724932249323,{'snwAYESRUEw'},1,FOOD
306,varship joker,varship joker,{'LANDMARK'},{'Golgappa Girl'},2.8437249322493225,{'snwAYESRUEw'},1,LANDMARK
307,cardamom cardamom,cardamom cardamom,{'FOOD'},{'Golgappa Girl'},2.8437249322493225,{'snwAYESRUEw'},1,FOOD
308,awadhesh prasad,awadhesh prasad,{'LANDMARK'},{'Golgappa Girl'},2.8437249322493225,{'snwAYESRUEw'},1,LANDMARK
309,gautam tadka medium,gautam tadka medium,{'FOOD SHOP'},{'Golgappa Girl'},2.8437249322493225,{'snwAYESRUEw'},1,FOOD SHOP
310,maggi tadka,maggi tadka,{'FOOD'},{'Golgappa Girl'},2.8437249322493225,{'snwAYESRUEw'},1,FOOD
311,maggi masala,maggi masala,{'FOOD'},{'Golgappa Girl'},2.8437249322493225,{'snwAYESRUEw'},1,FOOD
312,soumya beautiful,soumya beautiful,{'LANDMARK'},{'Golgappa Girl'},2.8437249322493225,{'snwAYESRUEw'},1,LANDMARK
313,dainik bhaskar,dainik bhaskar,{'LANDMARK'},{'Golgappa Girl'},2.8437249322493225,{'snwAYESRUEw'},1,LANDMARK
314,saif ali,saif ali,{'CLOTH SHOP'},{'Golgappa Girl'},2.8437249322493225,{'snwAYESRUEw'},1,CLOTH SHOP
315,mi road,mi road,{'LANDMARK'},{'Golgappa Girl'},2.8437249322493225,{'snwAYESRUEw'},1,LANDMARK
316,anadar,anadar,{'FOOD'},{'Golgappa Girl'},2.8437249322493225,{'snwAYESRUEw'},1,FOOD
317,mutton curry,mutton curry,{'FOOD'},{'Golgappa Girl'},3.8437249322493225,{'snwAYESRUEw'},1,FOOD
318,mutton,mutton,{'FOOD'},{'Golgappa Girl'},4.843724932249323,{'snwAYESRUEw'},1,FOOD
319,deol akshay kumar,deol akshay kumar,{'LANDMARK'},{'Golgappa Girl'},2.8437249322493225,{'snwAYESRUEw'},1,LANDMARK
320,mumbais dabe pav,mumbais dabe pav,{'LANDMARK'},{'Golgappa Girl'},2.8437249322493225,{'snwAYESRUEw'},1,LANDMARK
321,pav dhol baje,pav dhol baje,{'FOOD'},{'Golgappa Girl'},2.8437249322493225,{'snwAYESRUEw'},1,FOOD
322,masala bhaji,masala bhaji,{'FOOD'},{'Golgappa Girl'},2.8437249322493225,{'snwAYESRUEw'},1,FOOD
323,mumbai,mumbai,{'CITY'},{'Golgappa Girl'},3.8437249322493225,{'snwAYESRUEw'},1,CITY
324,jal mahal parlor,jal mahal parlor,{'LANDMARK'},{'Golgappa Girl'},2.8437249322493225,{'snwAYESRUEw'},1,LANDMARK
325,fennel,fennel,{'FOOD'},{'Golgappa Girl'},3.8437249322493225,{'snwAYESRUEw'},1,FOOD
326,ambar palace,ambar palace,{'LANDMARK'},{'Traveller Rishabh'},4.5184358288770055,{'48TcOu9kPqg'},1,LANDMARK
327,mirza raja mansingh,mirza raja mansingh,{'ROADS'},{'Traveller Rishabh'},4.5184358288770055,{'48TcOu9kPqg'},1,ROADS
328,aamir,aamir,{'CITY'},{'Traveller Rishabh'},10.518435828877006,{'48TcOu9kPqg'},1,CITY
329,aamir be,aamir is,{'LANDMARK'},{'Traveller Rishabh'},4.5184358288770055,{'48TcOu9kPqg'},1,LANDMARK
330,bear,born,{'AREA'},{'Traveller Rishabh'},4.5184358288770055,{'48TcOu9kPqg'},1,AREA
331,akbar,akbar,{'FOOD SHOP'},{'Traveller Rishabh'},5.5184358288770055,{'48TcOu9kPqg'},1,FOOD SHOP
332,shiromani temple,shiromani temple,{'LANDMARK'},{'Traveller Rishabh'},4.5184358288770055,{'48TcOu9kPqg'},1,LANDMARK
333,sun pole,sun pole,{'LANDMARK'},{'Traveller Rishabh'},4.5184358288770055,{'48TcOu9kPqg'},1,LANDMARK
334,moon pole,moon pole,{'LANDMARK'},{'Traveller Rishabh'},5.5184358288770055,{'48TcOu9kPqg'},1,LANDMARK
335,wala entrance,wala entrance,{'LANDMARK'},{'Traveller Rishabh'},4.5184358288770055,{'48TcOu9kPqg'},1,LANDMARK
336,singh pol,singh pol,{'LANDMARK'},{'Traveller Rishabh'},4.5184358288770055,{'48TcOu9kPqg'},1,LANDMARK
337,lion gate,lion gate,{'LANDMARK'},{'Traveller Rishabh'},5.5184358288770055,{'48TcOu9kPqg'},1,LANDMARK
338,sangh marmar,sangh marmar,{'LANDMARK'},{'Traveller Rishabh'},4.5184358288770055,{'48TcOu9kPqg'},1,LANDMARK
339,ganesh pool gate,ganesh pool gate,{'LANDMARK'},{'Traveller Rishabh'},4.5184358288770055,{'48TcOu9kPqg'},1,LANDMARK
340,ganesh gate ganesh,ganesh gate ganesh,{'LANDMARK'},{'Traveller Rishabh'},4.5184358288770055,{'48TcOu9kPqg'},1,LANDMARK
341,honey temple,honey temple,{'LANDMARK'},{'Traveller Rishabh'},4.5184358288770055,{'48TcOu9kPqg'},1,LANDMARK
342,saffron,saffron,"{'FOOD', 'LANDMARK'}",{'Traveller Rishabh'},8.518435828877006,{'48TcOu9kPqg'},2,FOOD
343,kashmir,kashmir,{'CITY'},{'Traveller Rishabh'},4.5184358288770055,{'48TcOu9kPqg'},1,CITY
344,raja,raja,{'FOOD SHOP'},{'Traveller Rishabh'},7.5184358288770055,{'48TcOu9kPqg'},1,FOOD SHOP
345,ganesh ganesh,ganesh ganesh,{'LANDMARK'},{'Traveller Rishabh'},4.5184358288770055,{'48TcOu9kPqg'},1,LANDMARK
346,zanana deodi,zanana deodi,{'LANDMARK'},{'Traveller Rishabh'},4.5184358288770055,{'48TcOu9kPqg'},1,LANDMARK
347,sindhi camp,sindhi camp,{'LANDMARK'},{'Yatra Mitra'},3.0177587131367294,{'dcRh1zTPnDQ'},1,LANDMARK
348,sindhi,sindhi,{'AREA'},{'Yatra Mitra'},5.017758713136729,{'dcRh1zTPnDQ'},1,AREA
349,scooty,scooty,{'FOOD'},{'Yatra Mitra'},6.017758713136729,{'dcRh1zTPnDQ'},1,FOOD
350,nahargarh in,nahargarh in,{'LANDMARK'},{'Yatra Mitra'},3.0177587131367294,{'dcRh1zTPnDQ'},1,LANDMARK
351,vaidyashala,vaidyashala,{'FOOD'},{'Yatra Mitra'},4.017758713136729,{'dcRh1zTPnDQ'},1,FOOD
352,surya pol,surya pol,{'LANDMARK'},{'Yatra Mitra'},3.0177587131367294,{'dcRh1zTPnDQ'},1,LANDMARK
353,see leo,see leo,{'LANDMARK'},{'Yatra Mitra'},3.0177587131367294,{'dcRh1zTPnDQ'},1,LANDMARK
354,ganesh poll,ganesh poll,{'FOOD SHOP'},{'Yatra Mitra'},3.0177587131367294,{'dcRh1zTPnDQ'},1,FOOD SHOP
355,ganesh ji,ganesh jis,{'LANDMARK'},{'Yatra Mitra'},3.0177587131367294,{'dcRh1zTPnDQ'},1,LANDMARK
356,jagger fort,jagger fort,{'LANDMARK'},{'Yatra Mitra'},3.0177587131367294,{'dcRh1zTPnDQ'},1,LANDMARK
357,victory,victory,{'LANDMARK'},{'Yatra Mitra'},3.0177587131367294,{'dcRh1zTPnDQ'},1,LANDMARK
358,garh fort,garh fort,{'LANDMARK'},{'Yatra Mitra'},8.017758713136729,{'dcRh1zTPnDQ'},1,LANDMARK
359,akshardham temple,akshardham temple,{'LANDMARK'},{'Yatra Mitra'},3.0177587131367294,{'dcRh1zTPnDQ'},1,LANDMARK
360,virala temple,virala temple,{'LANDMARK'},{'Yatra Mitra'},3.0177587131367294,{'dcRh1zTPnDQ'},1,LANDMARK
361,kanak garden,kanak garden,{'LANDMARK'},{'Yatra Mitra'},3.0177587131367294,{'dcRh1zTPnDQ'},1,LANDMARK
362,moti dungri jaipur,moti dungri jaipur,{'LANDMARK'},{'Yatra Mitra'},3.0177587131367294,{'dcRh1zTPnDQ'},1,LANDMARK
363,merc den,merc den,{'LANDMARK'},{'Sakshi Yadav'},2.4566255144032922,{'lmhzpFfuWKc'},1,LANDMARK
364,mi,mi,{'AREA'},{'Sakshi Yadav'},10.456625514403292,{'lmhzpFfuWKc'},1,AREA
365,sanganeri gate,sanganeri gate,{'LANDMARK'},{'Sakshi Yadav'},6.456625514403292,{'lmhzpFfuWKc'},1,LANDMARK
366,ajmeri gate,ajmeri gate,{'LANDMARK'},{'Sakshi Yadav'},7.456625514403292,{'lmhzpFfuWKc'},1,LANDMARK
367,bapu bazar,bapu bazar,{'LANDMARK'},{'Sakshi Yadav'},4.456625514403292,{'lmhzpFfuWKc'},1,LANDMARK
368,sanjay bazaar,sanjay bazaar,{'AREA'},{'Sakshi Yadav'},2.4566255144032922,{'lmhzpFfuWKc'},1,AREA
369,hawa mail,hawa mail,{'LANDMARK'},{'Sakshi Yadav'},3.4566255144032922,{'lmhzpFfuWKc'},1,LANDMARK
370,indira bazar,indira bazar,{'LANDMARK'},{'Sakshi Yadav'},2.4566255144032922,{'lmhzpFfuWKc'},1,LANDMARK
371,kishan pole,kishan pole,{'LANDMARK'},{'Sakshi Yadav'},2.4566255144032922,{'lmhzpFfuWKc'},1,LANDMARK
372,sanganeri print,sanganeri print,{'LANDMARK'},{'Sakshi Yadav'},2.4566255144032922,{'lmhzpFfuWKc'},1,LANDMARK
373,sanganeri shibri bande,sanganeri shibri bande,{'LANDMARK'},{'Sakshi Yadav'},2.4566255144032922,{'lmhzpFfuWKc'},1,LANDMARK
374,rajo rani,rajo rani,{'FOOD SHOP'},{'Sakshi Yadav'},2.4566255144032922,{'lmhzpFfuWKc'},1,FOOD SHOP
375,madam parveen saree emporium,madam parveen saree emporium,{'LANDMARK'},{'Sakshi Yadav'},2.4566255144032922,{'lmhzpFfuWKc'},1,LANDMARK
376,bapu bhaya,bapu bhaya,{'AREA'},{'Sakshi Yadav'},2.4566255144032922,{'lmhzpFfuWKc'},1,AREA
377,lagar hai,lagar hai,{'LANDMARK'},{'Sakshi Yadav'},2.4566255144032922,{'lmhzpFfuWKc'},1,LANDMARK
378,shrinath handloom,shrinath handloom,{'LANDMARK'},{'Sakshi Yadav'},2.4566255144032922,{'lmhzpFfuWKc'},1,LANDMARK
379,e53 bapu bazaar,e53 bapu bazaar,{'LANDMARK'},{'Sakshi Yadav'},2.4566255144032922,{'lmhzpFfuWKc'},1,LANDMARK
380,rahi,rahi,{'FOOD SHOP'},{'Sakshi Yadav'},2.4566255144032922,{'lmhzpFfuWKc'},1,FOOD SHOP
381,indra bazar,indra bazar,{'LANDMARK'},{'Sakshi Yadav'},2.4566255144032922,{'lmhzpFfuWKc'},1,LANDMARK
382,jori bazaar,jori bazaar,{'AREA'},{'Sakshi Yadav'},2.4566255144032922,{'lmhzpFfuWKc'},1,AREA
383,lane tripolia,lane tripolia,{'ROADS'},{'Sakshi Yadav'},2.4566255144032922,{'lmhzpFfuWKc'},1,ROADS
384,agar,agar,{'FOOD'},{'Sakshi Yadav'},3.4566255144032922,{'lmhzpFfuWKc'},1,FOOD
385,pardesh manya,pardesh manya,{'LANDMARK'},{'Sakshi Yadav'},2.4566255144032922,{'lmhzpFfuWKc'},1,LANDMARK
386,bapu,bapu,{'AREA'},{'Sakshi Yadav'},11.456625514403292,{'lmhzpFfuWKc'},1,AREA
387,sab jaanu,sab jaanu,{'LANDMARK'},{'Sakshi Yadav'},2.4566255144032922,{'lmhzpFfuWKc'},1,LANDMARK
